[{"model": "api.topic", "pk": 1, "fields": {"name": "Alchemy", "description": "The medieval forerunner of chemistry, based on the supposed transformation of matter"}}, {"model": "api.topic", "pk": 2, "fields": {"name": "Python", "description": "The best computer language in the universe"}}, {"model": "api.topic", "pk": 3, "fields": {"name": "Javascript", "description": "The worst language in the universe (it is not but we must keep js developers humble)"}}, {"model": "api.topic", "pk": 4, "fields": {"name": "Music", "description": "Sound artfully organized in time"}}, {"model": "api.topic", "pk": 5, "fields": {"name": "Udemy", "description": "The best company in the universe"}}, {"model": "api.topic", "pk": 6, "fields": {"name": "Teaching", "description": "You learn 10 times what you teach"}}, {"model": "api.topic", "pk": 7, "fields": {"name": "Poetry", "description": "Oh, captain my captain!"}}, {"model": "contenttypes.contenttype", "pk": 1, "fields": {"app_label": "api", "model": "profile"}}, {"model": "contenttypes.contenttype", "pk": 2, "fields": {"app_label": "api", "model": "topic"}}, {"model": "contenttypes.contenttype", "pk": 3, "fields": {"app_label": "authtoken", "model": "token"}}, {"model": "contenttypes.contenttype", "pk": 4, "fields": {"app_label": "admin", "model": "logentry"}}, {"model": "contenttypes.contenttype", "pk": 5, "fields": {"app_label": "auth", "model": "permission"}}, {"model": "contenttypes.contenttype", "pk": 6, "fields": {"app_label": "auth", "model": "group"}}, {"model": "contenttypes.contenttype", "pk": 7, "fields": {"app_label": "auth", "model": "user"}}, {"model": "contenttypes.contenttype", "pk": 8, "fields": {"app_label": "contenttypes", "model": "contenttype"}}, {"model": "contenttypes.contenttype", "pk": 9, "fields": {"app_label": "sessions", "model": "session"}}, {"model": "sessions.session", "pk": "4pmhqj12o7irnirfijw6ql2szvwpbsou", "fields": {"session_data": "Njk5ZTAzYjYyYTA2NDdiYWI5YjMxZDM1MTNkMDJjMTk1NTNjNDc4Mjp7Il9hdXRoX3VzZXJfaWQiOiIxIiwiX2F1dGhfdXNlcl9iYWNrZW5kIjoiZGphbmdvLmNvbnRyaWIuYXV0aC5iYWNrZW5kcy5Nb2RlbEJhY2tlbmQiLCJfYXV0aF91c2VyX2hhc2giOiI3YzAyNmJiZDhiNDE5MThjNjgyNGJlN2FjY2EwMTk1ODYxYTg4MDM1In0=", "expire_date": "2018-01-04T08:49:42.329Z"}}, {"model": "sessions.session", "pk": "jildp2nn4oefninoug5qdlidpvdik9mt", "fields": {"session_data": "Njk5ZTAzYjYyYTA2NDdiYWI5YjMxZDM1MTNkMDJjMTk1NTNjNDc4Mjp7Il9hdXRoX3VzZXJfaWQiOiIxIiwiX2F1dGhfdXNlcl9iYWNrZW5kIjoiZGphbmdvLmNvbnRyaWIuYXV0aC5iYWNrZW5kcy5Nb2RlbEJhY2tlbmQiLCJfYXV0aF91c2VyX2hhc2giOiI3YzAyNmJiZDhiNDE5MThjNjgyNGJlN2FjY2EwMTk1ODYxYTg4MDM1In0=", "expire_date": "2018-01-03T12:33:52.694Z"}}, {"model": "auth.permission", "pk": 1, "fields": {"name": "Can add profile", "content_type": 1, "codename": "add_profile"}}, {"model": "auth.permission", "pk": 2, "fields": {"name": "Can change profile", "content_type": 1, "codename": "change_profile"}}, {"model": "auth.permission", "pk": 3, "fields": {"name": "Can delete profile", "content_type": 1, "codename": "delete_profile"}}, {"model": "auth.permission", "pk": 4, "fields": {"name": "Can add topic", "content_type": 2, "codename": "add_topic"}}, {"model": "auth.permission", "pk": 5, "fields": {"name": "Can change topic", "content_type": 2, "codename": "change_topic"}}, {"model": "auth.permission", "pk": 6, "fields": {"name": "Can delete topic", "content_type": 2, "codename": "delete_topic"}}, {"model": "auth.permission", "pk": 7, "fields": {"name": "Can add Token", "content_type": 3, "codename": "add_token"}}, {"model": "auth.permission", "pk": 8, "fields": {"name": "Can change Token", "content_type": 3, "codename": "change_token"}}, {"model": "auth.permission", "pk": 9, "fields": {"name": "Can delete Token", "content_type": 3, "codename": "delete_token"}}, {"model": "auth.permission", "pk": 10, "fields": {"name": "Can add log entry", "content_type": 4, "codename": "add_logentry"}}, {"model": "auth.permission", "pk": 11, "fields": {"name": "Can change log entry", "content_type": 4, "codename": "change_logentry"}}, {"model": "auth.permission", "pk": 12, "fields": {"name": "Can delete log entry", "content_type": 4, "codename": "delete_logentry"}}, {"model": "auth.permission", "pk": 13, "fields": {"name": "Can add permission", "content_type": 5, "codename": "add_permission"}}, {"model": "auth.permission", "pk": 14, "fields": {"name": "Can change permission", "content_type": 5, "codename": "change_permission"}}, {"model": "auth.permission", "pk": 15, "fields": {"name": "Can delete permission", "content_type": 5, "codename": "delete_permission"}}, {"model": "auth.permission", "pk": 16, "fields": {"name": "Can add group", "content_type": 6, "codename": "add_group"}}, {"model": "auth.permission", "pk": 17, "fields": {"name": "Can change group", "content_type": 6, "codename": "change_group"}}, {"model": "auth.permission", "pk": 18, "fields": {"name": "Can delete group", "content_type": 6, "codename": "delete_group"}}, {"model": "auth.permission", "pk": 19, "fields": {"name": "Can add user", "content_type": 7, "codename": "add_user"}}, {"model": "auth.permission", "pk": 20, "fields": {"name": "Can change user", "content_type": 7, "codename": "change_user"}}, {"model": "auth.permission", "pk": 21, "fields": {"name": "Can delete user", "content_type": 7, "codename": "delete_user"}}, {"model": "auth.permission", "pk": 22, "fields": {"name": "Can add content type", "content_type": 8, "codename": "add_contenttype"}}, {"model": "auth.permission", "pk": 23, "fields": {"name": "Can change content type", "content_type": 8, "codename": "change_contenttype"}}, {"model": "auth.permission", "pk": 24, "fields": {"name": "Can delete content type", "content_type": 8, "codename": "delete_contenttype"}}, {"model": "auth.permission", "pk": 25, "fields": {"name": "Can add session", "content_type": 9, "codename": "add_session"}}, {"model": "auth.permission", "pk": 26, "fields": {"name": "Can change session", "content_type": 9, "codename": "change_session"}}, {"model": "auth.permission", "pk": 27, "fields": {"name": "Can delete session", "content_type": 9, "codename": "delete_session"}}, {"model": "auth.user", "pk": 1, "fields": {"password": "pbkdf2_sha256$36000$3NoMSy7Y2V1Q$c12NhbS8G5f37hsouicrxVYf6msbi2u3Qr65d9i/SiM=", "last_login": "2017-12-21T08:49:42.327Z", "is_superuser": true, "username": "root@eruditorum.org", "first_name": "Enoch", "last_name": "Root", "email": "root@eruditorum.org", "is_staff": true, "is_active": true, "date_joined": "2017-12-17T03:18:48Z", "groups": [], "user_permissions": []}}, {"model": "auth.user", "pk": 2, "fields": {"password": "pbkdf2_sha256$36000$wNYmgyuZA68Q$IQ0kKX2itOZ0ZNrZBcO8g8i0yNTfuEjXIECWzikci1g=", "last_login": null, "is_superuser": false, "username": "paulos@xtend.com.br", "first_name": "Paulo", "last_name": "Scardine", "email": "paulos@xtend.com.br", "is_staff": false, "is_active": true, "date_joined": "2017-12-21T11:19:18.259Z", "groups": [], "user_permissions": []}}, {"model": "auth.user", "pk": 3, "fields": {"password": "pbkdf2_sha256$36000$mPUvbsSNDnLa$zKgVpjCqnxUWWU+0ghgYC4xSdwXxfudzNTv0Hy0IHhc=", "last_login": null, "is_superuser": false, "username": "guido@python.org", "first_name": "Guido", "last_name": "Van Russum", "email": "guido@python.org", "is_staff": false, "is_active": true, "date_joined": "2017-12-20T18:41:53Z", "groups": [], "user_permissions": []}}, {"model": "auth.user", "pk": 4, "fields": {"password": "pbkdf2_sha256$36000$x9MRthHroohW$yy3yGIPS0XIlNzqmfCGFXdY4yj1EyFlKnlsRNYF5+EU=", "last_login": null, "is_superuser": false, "username": "heathers@gmail.com", "first_name": "Heather", "last_name": "Smith", "email": "heathers@gmail.com", "is_staff": false, "is_active": true, "date_joined": "2017-12-20T20:36:44.337Z", "groups": [], "user_permissions": []}}, {"model": "auth.user", "pk": 5, "fields": {"password": "pbkdf2_sha256$36000$Fey0MS6fs2J7$NjMgbcendcMhwMW5y7gBaR9Egc6PxAWJQvs+/vNfwgY=", "last_login": null, "is_superuser": false, "username": "jefferyp@gmail.com", "first_name": "Jeffery", "last_name": "Pollard", "email": "jefferyp@gmail.com", "is_staff": false, "is_active": true, "date_joined": "2017-12-20T20:36:44.397Z", "groups": [], "user_permissions": []}}, {"model": "auth.user", "pk": 6, "fields": {"password": "pbkdf2_sha256$36000$kxc5tjeOZzPx$nL+1tKfzSqqHjievUTMoO23DUSCoLpmDmTFHnK01nMI=", "last_login": null, "is_superuser": false, "username": "walterr@gmail.com", "first_name": "Walter", "last_name": "Ruiz", "email": "walterr@gmail.com", "is_staff": false, "is_active": true, "date_joined": "2017-12-20T20:36:44.455Z", "groups": [], "user_permissions": []}}, {"model": "auth.user", "pk": 7, "fields": {"password": "pbkdf2_sha256$36000$ShiGWau0YLGS$TrGEw0W2UIDoevHc6mGl4ZBBIfLiXyJG3thonjln//Q=", "last_login": null, "is_superuser": false, "username": "jeffreyb@gmail.com", "first_name": "Jeffrey", "last_name": "Brown", "email": "jeffreyb@gmail.com", "is_staff": false, "is_active": true, "date_joined": "2017-12-20T20:36:44.514Z", "groups": [], "user_permissions": []}}, {"model": "auth.user", "pk": 8, "fields": {"password": "pbkdf2_sha256$36000$WFtwOm1XW1ia$sRchygXvH4SpqkvE/DCDCLtjwKGblhYbT9UMmr/bTj8=", "last_login": null, "is_superuser": false, "username": "travism@gmail.com", "first_name": "Travis", "last_name": "Malone", "email": "travism@gmail.com", "is_staff": false, "is_active": true, "date_joined": "2017-12-20T20:36:44.569Z", "groups": [], "user_permissions": []}}, {"model": "auth.user", "pk": 9, "fields": {"password": "pbkdf2_sha256$36000$Gn6zQvHOUXtT$XRdLoLXJQNxyRznpJwNiV3fS8KwNjDsp+VBzYXDcbNE=", "last_login": null, "is_superuser": false, "username": "dianam@gmail.com", "first_name": "Diana", "last_name": "Miller", "email": "dianam@gmail.com", "is_staff": false, "is_active": true, "date_joined": "2017-12-20T20:36:44.624Z", "groups": [], "user_permissions": []}}, {"model": "auth.user", "pk": 10, "fields": {"password": "pbkdf2_sha256$36000$rbzjAfp7M26H$tHGSEacqPBBlYx5svchv4lyotoo6qHPWNu3rw20fuxw=", "last_login": null, "is_superuser": false, "username": "sharonw@gmail.com", "first_name": "Sharon", "last_name": "West", "email": "sharonw@gmail.com", "is_staff": false, "is_active": true, "date_joined": "2017-12-20T20:36:44.673Z", "groups": [], "user_permissions": []}}, {"model": "auth.user", "pk": 11, "fields": {"password": "pbkdf2_sha256$36000$1pZmuNej0qXS$0+bHtWN0i01VAOmXhlMh448yr2bmcZ3tVTv6OL/zH9E=", "last_login": null, "is_superuser": false, "username": "amoore@gmail.com", "first_name": "Alyssa", "last_name": "Moore", "email": "amoore@gmail.com", "is_staff": false, "is_active": true, "date_joined": "2017-12-20T20:36:44.727Z", "groups": [], "user_permissions": []}}, {"model": "auth.user", "pk": 12, "fields": {"password": "pbkdf2_sha256$36000$kqjZhlGQglrK$s8zrfiv5y7YCz5NvF8jMt1PGJ4yCq1sAkZvElrP2SkM=", "last_login": null, "is_superuser": false, "username": "jacobc@gmail.com", "first_name": "Jacob", "last_name": "Cantrell", "email": "jacobc@gmail.com", "is_staff": false, "is_active": true, "date_joined": "2017-12-20T20:36:44.780Z", "groups": [], "user_permissions": []}}, {"model": "auth.user", "pk": 13, "fields": {"password": "pbkdf2_sha256$36000$oWPofoTKPw4Y$M0a6doFaJuGFBfPLl7UkAhD3dJiCAeoll1q4S/gOiIg=", "last_login": null, "is_superuser": false, "username": "jessep@gmail.com", "first_name": "Jesse", "last_name": "Pace", "email": "jessep@gmail.com", "is_staff": false, "is_active": true, "date_joined": "2017-12-20T20:36:44.831Z", "groups": [], "user_permissions": []}}, {"model": "auth.user", "pk": 14, "fields": {"password": "pbkdf2_sha256$36000$MtlxOj99aGdI$2IDqQfVxq9Pg0yi4Bjv7Z4DeaN0BPMws2XVeQMSZIAY=", "last_login": null, "is_superuser": false, "username": "williamc@gmail.com", "first_name": "William", "last_name": "Cline", "email": "williamc@gmail.com", "is_staff": false, "is_active": true, "date_joined": "2017-12-20T20:36:44.881Z", "groups": [], "user_permissions": []}}, {"model": "auth.user", "pk": 15, "fields": {"password": "pbkdf2_sha256$36000$ygv34e1cSn51$aonvHzrVoVa6RBvNgGjHcev2Uj6CZGO8S4XXzet1sCQ=", "last_login": null, "is_superuser": false, "username": "brandonw@gmail.com", "first_name": "Brandon", "last_name": "White", "email": "brandonw@gmail.com", "is_staff": false, "is_active": true, "date_joined": "2017-12-20T20:36:44.937Z", "groups": [], "user_permissions": []}}, {"model": "auth.user", "pk": 16, "fields": {"password": "pbkdf2_sha256$36000$ZQbhb9TrChey$GI+Q8yVQ6iZDUtbMSuT+JPDRefCdW9E5FJTlvjD2uA4=", "last_login": null, "is_superuser": false, "username": "carmen_simmons@hotmail.com", "first_name": "Carmen", "last_name": "Simmons", "email": "carmen_simmons@hotmail.com", "is_staff": false, "is_active": true, "date_joined": "2017-12-20T20:36:44.995Z", "groups": [], "user_permissions": []}}, {"model": "auth.user", "pk": 17, "fields": {"password": "pbkdf2_sha256$36000$3TIeyf0uPEw4$Vp6XgXNsP3P4joGePQiCKOCuRCEUcMn4Ze9bSxmxjSY=", "last_login": null, "is_superuser": false, "username": "laurenh@gmail.com", "first_name": "Lauren", "last_name": "Harding", "email": "laurenh@gmail.com", "is_staff": false, "is_active": true, "date_joined": "2017-12-20T20:36:45.045Z", "groups": [], "user_permissions": []}}, {"model": "auth.user", "pk": 18, "fields": {"password": "pbkdf2_sha256$36000$pc9rgtCjsD9z$Alt+1sV9F07zEDvyA+ftcwjk69qMGatu3kUzkav1bbI=", "last_login": null, "is_superuser": false, "username": "eddiej@gmail.com", "first_name": "Eddie", "last_name": "Jimenez", "email": "eddiej@gmail.com", "is_staff": false, "is_active": true, "date_joined": "2017-12-20T20:36:45.096Z", "groups": [], "user_permissions": []}}, {"model": "auth.user", "pk": 19, "fields": {"password": "pbkdf2_sha256$36000$mFpV6vytQNF7$WIUbRhCsiIoxFiuIyMw/SNCPDeu5WLlMbBoTxQW0lrs=", "last_login": null, "is_superuser": false, "username": "aarons@gmail.com", "first_name": "Aaron", "last_name": "Savage", "email": "aarons@gmail.com", "is_staff": false, "is_active": true, "date_joined": "2017-12-20T20:36:45.145Z", "groups": [], "user_permissions": []}}, {"model": "auth.user", "pk": 20, "fields": {"password": "pbkdf2_sha256$36000$EYXkjonbWxmH$m4pBASQzrryrKi7u/jl3HLB4McjqMTFB6itpaEZ+JJo=", "last_login": null, "is_superuser": false, "username": "lauren.decker@aol.com", "first_name": "Lauren", "last_name": "Decker", "email": "lauren.decker@aol.com", "is_staff": false, "is_active": true, "date_joined": "2017-12-20T20:36:45.197Z", "groups": [], "user_permissions": []}}, {"model": "auth.user", "pk": 21, "fields": {"password": "pbkdf2_sha256$36000$Wr76zw2zvExj$HvtQkWY1FS1mIEX31U8+OddRW/T4PlxHkmSPVm0vw5g=", "last_login": null, "is_superuser": false, "username": "brendac@gmail.com", "first_name": "Brenda", "last_name": "Coleman", "email": "brendac@gmail.com", "is_staff": false, "is_active": true, "date_joined": "2017-12-20T20:36:45.250Z", "groups": [], "user_permissions": []}}, {"model": "auth.user", "pk": 22, "fields": {"password": "pbkdf2_sha256$36000$DHbZsQdWkL60$jSH3La5W0U0C+ngPi1YaL5tkqcBvHN8wU0UsDPkfZjg=", "last_login": null, "is_superuser": false, "username": "brandon.henderson@gmail.com", "first_name": "Brandon", "last_name": "Henderson", "email": "brandon.henderson@gmail.com", "is_staff": false, "is_active": true, "date_joined": "2017-12-20T20:36:45.300Z", "groups": [], "user_permissions": []}}, {"model": "auth.user", "pk": 23, "fields": {"password": "pbkdf2_sha256$36000$lH8xdT5N8YFU$7OLs6gNgAryFK9m57I6rChMwrf6DUj1cQWzsewiI+VE=", "last_login": null, "is_superuser": false, "username": "cindyc@gmail.com", "first_name": "Cindy", "last_name": "Cruz", "email": "cindyc@gmail.com", "is_staff": false, "is_active": true, "date_joined": "2017-12-20T20:36:45.352Z", "groups": [], "user_permissions": []}}, {"model": "admin.logentry", "pk": 1, "fields": {"action_time": "2017-12-20T12:34:21.605Z", "user": 1, "content_type": 7, "object_id": "2", "object_repr": "paulos", "action_flag": 1, "change_message": "[{\"added\": {}}]"}}, {"model": "admin.logentry", "pk": 2, "fields": {"action_time": "2017-12-20T12:35:02.284Z", "user": 1, "content_type": 7, "object_id": "2", "object_repr": "paulos", "action_flag": 2, "change_message": "[{\"changed\": {\"fields\": [\"first_name\", \"last_name\", \"email\", \"is_staff\", \"is_superuser\", \"last_login\"]}}]"}}, {"model": "admin.logentry", "pk": 3, "fields": {"action_time": "2017-12-20T18:41:53.276Z", "user": 1, "content_type": 7, "object_id": "3", "object_repr": "gvr", "action_flag": 1, "change_message": "[{\"added\": {}}]"}}, {"model": "admin.logentry", "pk": 4, "fields": {"action_time": "2017-12-20T18:42:47.669Z", "user": 1, "content_type": 7, "object_id": "3", "object_repr": "gvr", "action_flag": 2, "change_message": "[{\"changed\": {\"fields\": [\"first_name\", \"last_name\", \"email\"]}}]"}}, {"model": "admin.logentry", "pk": 5, "fields": {"action_time": "2017-12-20T18:49:35.552Z", "user": 1, "content_type": 7, "object_id": "3", "object_repr": "gvr", "action_flag": 2, "change_message": "[{\"changed\": {\"name\": \"profile\", \"object\": \"Profile object\", \"fields\": [\"current_position\", \"about\"]}}]"}}, {"model": "admin.logentry", "pk": 6, "fields": {"action_time": "2017-12-20T18:51:31.490Z", "user": 1, "content_type": 7, "object_id": "2", "object_repr": "paulos", "action_flag": 2, "change_message": "[{\"changed\": {\"name\": \"profile\", \"object\": \"Profile object\", \"fields\": [\"current_position\", \"about\"]}}]"}}, {"model": "admin.logentry", "pk": 7, "fields": {"action_time": "2017-12-20T18:53:46.639Z", "user": 1, "content_type": 7, "object_id": "1", "object_repr": "admin", "action_flag": 2, "change_message": "[{\"changed\": {\"fields\": [\"first_name\", \"last_name\"]}}, {\"changed\": {\"name\": \"profile\", \"object\": \"Profile object\", \"fields\": [\"current_position\", \"about\"]}}]"}}, {"model": "admin.logentry", "pk": 8, "fields": {"action_time": "2017-12-20T18:56:39.963Z", "user": 1, "content_type": 2, "object_id": "1", "object_repr": "Topic object", "action_flag": 1, "change_message": "[{\"added\": {}}]"}}, {"model": "admin.logentry", "pk": 9, "fields": {"action_time": "2017-12-20T18:57:15.059Z", "user": 1, "content_type": 2, "object_id": "2", "object_repr": "Topic object", "action_flag": 1, "change_message": "[{\"added\": {}}]"}}, {"model": "admin.logentry", "pk": 10, "fields": {"action_time": "2017-12-20T18:57:52.650Z", "user": 1, "content_type": 2, "object_id": "3", "object_repr": "Topic object", "action_flag": 1, "change_message": "[{\"added\": {}}]"}}, {"model": "admin.logentry", "pk": 11, "fields": {"action_time": "2017-12-20T19:00:03.395Z", "user": 1, "content_type": 2, "object_id": "3", "object_repr": "Topic object", "action_flag": 2, "change_message": "[{\"changed\": {\"fields\": [\"description\"]}}]"}}, {"model": "admin.logentry", "pk": 12, "fields": {"action_time": "2017-12-20T19:01:04.658Z", "user": 1, "content_type": 2, "object_id": "4", "object_repr": "Topic object", "action_flag": 1, "change_message": "[{\"added\": {}}]"}}, {"model": "admin.logentry", "pk": 13, "fields": {"action_time": "2017-12-20T19:02:04.825Z", "user": 1, "content_type": 2, "object_id": "4", "object_repr": "Topic object", "action_flag": 2, "change_message": "[{\"changed\": {\"fields\": [\"description\"]}}]"}}, {"model": "admin.logentry", "pk": 14, "fields": {"action_time": "2017-12-20T19:18:47.229Z", "user": 1, "content_type": 7, "object_id": "1", "object_repr": "admin", "action_flag": 2, "change_message": "[{\"changed\": {\"name\": \"profile\", \"object\": \"Profile object\", \"fields\": [\"favorite_topics\"]}}]"}}, {"model": "admin.logentry", "pk": 15, "fields": {"action_time": "2017-12-20T19:23:27.898Z", "user": 1, "content_type": 7, "object_id": "3", "object_repr": "gvr", "action_flag": 2, "change_message": "[{\"changed\": {\"name\": \"profile\", \"object\": \"Guido Van Russum\", \"fields\": [\"favorite_topics\"]}}]"}}, {"model": "admin.logentry", "pk": 16, "fields": {"action_time": "2017-12-20T19:32:05.891Z", "user": 1, "content_type": 2, "object_id": "5", "object_repr": "Udemy", "action_flag": 1, "change_message": "[{\"added\": {}}]"}}, {"model": "admin.logentry", "pk": 17, "fields": {"action_time": "2017-12-20T19:32:57.546Z", "user": 1, "content_type": 2, "object_id": "6", "object_repr": "Teaching", "action_flag": 1, "change_message": "[{\"added\": {}}]"}}, {"model": "admin.logentry", "pk": 18, "fields": {"action_time": "2017-12-20T19:33:38.029Z", "user": 1, "content_type": 2, "object_id": "7", "object_repr": "Poetry", "action_flag": 1, "change_message": "[{\"added\": {}}]"}}, {"model": "admin.logentry", "pk": 19, "fields": {"action_time": "2017-12-20T19:34:13.425Z", "user": 1, "content_type": 7, "object_id": "2", "object_repr": "paulos", "action_flag": 2, "change_message": "[{\"changed\": {\"name\": \"profile\", \"object\": \"Paulo Scardine\", \"fields\": [\"favorite_topics\"]}}]"}}, {"model": "admin.logentry", "pk": 20, "fields": {"action_time": "2017-12-20T19:35:44.761Z", "user": 1, "content_type": 7, "object_id": "1", "object_repr": "admin", "action_flag": 2, "change_message": "[{\"changed\": {\"name\": \"profile\", \"object\": \"Enoch Root\", \"fields\": [\"favorite_topics\"]}}]"}}, {"model": "admin.logentry", "pk": 21, "fields": {"action_time": "2017-12-20T19:39:43.365Z", "user": 1, "content_type": 7, "object_id": "1", "object_repr": "admin", "action_flag": 2, "change_message": "[{\"changed\": {\"fields\": [\"email\"]}}]"}}, {"model": "admin.logentry", "pk": 22, "fields": {"action_time": "2017-12-20T22:02:36.567Z", "user": 1, "content_type": 7, "object_id": "1", "object_repr": "root", "action_flag": 2, "change_message": "[{\"changed\": {\"fields\": [\"username\"]}}]"}}, {"model": "admin.logentry", "pk": 23, "fields": {"action_time": "2017-12-21T03:23:42.130Z", "user": 1, "content_type": 7, "object_id": "24", "object_repr": "paulos+bar@xtend.com.br", "action_flag": 3, "change_message": ""}}, {"model": "admin.logentry", "pk": 24, "fields": {"action_time": "2017-12-21T03:23:42.135Z", "user": 1, "content_type": 7, "object_id": "25", "object_repr": "paulos+foo@xtend.com.br", "action_flag": 3, "change_message": ""}}, {"model": "admin.logentry", "pk": 25, "fields": {"action_time": "2017-12-21T04:45:02.109Z", "user": 1, "content_type": 7, "object_id": "1", "object_repr": "root@eruditorum.org", "action_flag": 2, "change_message": "[]"}}, {"model": "admin.logentry", "pk": 26, "fields": {"action_time": "2017-12-21T10:34:20.326Z", "user": 1, "content_type": 1, "object_id": "27", "object_repr": "Paulo Scardine", "action_flag": 3, "change_message": ""}}, {"model": "admin.logentry", "pk": 27, "fields": {"action_time": "2017-12-21T10:35:38.449Z", "user": 1, "content_type": 7, "object_id": "2", "object_repr": "paulos@xtend.com.br", "action_flag": 3, "change_message": ""}}, {"model": "admin.logentry", "pk": 28, "fields": {"action_time": "2017-12-21T10:36:10.085Z", "user": 1, "content_type": 7, "object_id": "27", "object_repr": "paulo@scardine.com.br", "action_flag": 3, "change_message": ""}}, {"model": "admin.logentry", "pk": 29, "fields": {"action_time": "2017-12-21T11:17:59.344Z", "user": 1, "content_type": 7, "object_id": "26", "object_repr": "other@eruditorum.org", "action_flag": 3, "change_message": ""}}, {"model": "admin.logentry", "pk": 30, "fields": {"action_time": "2017-12-21T11:17:59.348Z", "user": 1, "content_type": 7, "object_id": "29", "object_repr": "paulo@scardine.com.br", "action_flag": 3, "change_message": ""}}, {"model": "admin.logentry", "pk": 31, "fields": {"action_time": "2017-12-21T11:17:59.349Z", "user": 1, "content_type": 7, "object_id": "28", "object_repr": "paulo@xtend.com.br", "action_flag": 3, "change_message": ""}}, {"model": "admin.logentry", "pk": 32, "fields": {"action_time": "2017-12-21T11:17:59.351Z", "user": 1, "content_type": 7, "object_id": "36", "object_repr": "paulosdfasdfaf@xtend.com.br", "action_flag": 3, "change_message": ""}}, {"model": "admin.logentry", "pk": 33, "fields": {"action_time": "2017-12-21T11:17:59.353Z", "user": 1, "content_type": 7, "object_id": "31", "object_repr": "paulosilva2@seade.gov.br", "action_flag": 3, "change_message": ""}}, {"model": "admin.logentry", "pk": 34, "fields": {"action_time": "2017-12-21T11:17:59.355Z", "user": 1, "content_type": 7, "object_id": "32", "object_repr": "paulosilva3@seade.gov.br", "action_flag": 3, "change_message": ""}}, {"model": "admin.logentry", "pk": 35, "fields": {"action_time": "2017-12-21T11:17:59.356Z", "user": 1, "content_type": 7, "object_id": "33", "object_repr": "paulosilva4@seade.gov.br", "action_flag": 3, "change_message": ""}}, {"model": "admin.logentry", "pk": 36, "fields": {"action_time": "2017-12-21T11:17:59.358Z", "user": 1, "content_type": 7, "object_id": "34", "object_repr": "paulosilva5@seade.gov.br", "action_flag": 3, "change_message": ""}}, {"model": "admin.logentry", "pk": 37, "fields": {"action_time": "2017-12-21T11:17:59.360Z", "user": 1, "content_type": 7, "object_id": "37", "object_repr": "paulosilva8@seade.gov.br", "action_flag": 3, "change_message": ""}}, {"model": "admin.logentry", "pk": 38, "fields": {"action_time": "2017-12-21T11:17:59.361Z", "user": 1, "content_type": 7, "object_id": "30", "object_repr": "paulosilva@seade.gov.br", "action_flag": 3, "change_message": ""}}, {"model": "admin.logentry", "pk": 39, "fields": {"action_time": "2017-12-21T11:18:44.747Z", "user": 1, "content_type": 7, "object_id": "35", "object_repr": "cdariani@mesquitabarros.com.br", "action_flag": 3, "change_message": ""}}, {"model": "authtoken.token", "pk": "01a13bdd809f84679df697ebd28c697b6e983a4d", "fields": {"user": 7, "created": "2017-12-20T20:36:44.557Z"}}, {"model": "authtoken.token", "pk": "296ae87b4b6a8fc8b75a67dd1d78393e66be9126", "fields": {"user": 13, "created": "2017-12-20T20:36:44.872Z"}}, {"model": "authtoken.token", "pk": "33015b4f916cc98f52c50005fcaac80cd8524a5a", "fields": {"user": 23, "created": "2017-12-20T20:36:45.396Z"}}, {"model": "authtoken.token", "pk": "34eba2d5e95536e366592011c3163a16b28a5527", "fields": {"user": 6, "created": "2017-12-20T20:36:44.504Z"}}, {"model": "authtoken.token", "pk": "36f1634822bf33244f2fd4434a3acf16eb3bcf9e", "fields": {"user": 15, "created": "2017-12-20T20:36:44.983Z"}}, {"model": "authtoken.token", "pk": "484e86a33ce243db1868661af0706296d2103b80", "fields": {"user": 19, "created": "2017-12-20T20:36:45.188Z"}}, {"model": "authtoken.token", "pk": "6b5317d3468989647bd1bc1768f00faab2a5d001", "fields": {"user": 18, "created": "2017-12-20T20:36:45.136Z"}}, {"model": "authtoken.token", "pk": "7bfbc7c19382d809f15d0e7926e2b5e6d6bd1593", "fields": {"user": 8, "created": "2017-12-20T20:36:44.616Z"}}, {"model": "authtoken.token", "pk": "815097c3c57b5f06766d224e28956fa8cae8e986", "fields": {"user": 17, "created": "2017-12-20T20:36:45.087Z"}}, {"model": "authtoken.token", "pk": "862bb59e27fbb04edc03005aab3fc2279002b8fd", "fields": {"user": 22, "created": "2017-12-20T20:36:45.343Z"}}, {"model": "authtoken.token", "pk": "91f202267b835daae2f3f0ffc67eef31980775e5", "fields": {"user": 4, "created": "2017-12-20T20:36:44.385Z"}}, {"model": "authtoken.token", "pk": "97de6560ea683745c950971b60a49331ffe56656", "fields": {"user": 1, "created": "2017-12-17T03:18:48.369Z"}}, {"model": "authtoken.token", "pk": "987b9fefe9e292644ea28fbbc842039ed00de45f", "fields": {"user": 5, "created": "2017-12-20T20:36:44.446Z"}}, {"model": "authtoken.token", "pk": "aee99e3dc02f74e5d6a058f32ae76bfddde41832", "fields": {"user": 3, "created": "2017-12-20T18:41:53.274Z"}}, {"model": "authtoken.token", "pk": "b6d2c5f7b6c025571466a36b6a15d2089cda8786", "fields": {"user": 11, "created": "2017-12-20T20:36:44.770Z"}}, {"model": "authtoken.token", "pk": "c01b33146039ca8af421af93de7e1f7dce113c79", "fields": {"user": 10, "created": "2017-12-20T20:36:44.719Z"}}, {"model": "authtoken.token", "pk": "c9655267d1dfde619bf49d3f5291f3fe04166c2b", "fields": {"user": 12, "created": "2017-12-20T20:36:44.821Z"}}, {"model": "authtoken.token", "pk": "d6abce3097cd09caf80af12b34edb1225610ac01", "fields": {"user": 16, "created": "2017-12-20T20:36:45.037Z"}}, {"model": "authtoken.token", "pk": "dab6ab88d6e437c0014a95835f3d6d652bf5f55e", "fields": {"user": 2, "created": "2017-12-21T11:22:25.889Z"}}, {"model": "authtoken.token", "pk": "e52a99a85f0ae03727d069378c2dd0f75599defa", "fields": {"user": 21, "created": "2017-12-20T20:36:45.292Z"}}, {"model": "authtoken.token", "pk": "f3fc7891dd66fe6fe4f7b3ce3d1131d454eabe76", "fields": {"user": 20, "created": "2017-12-20T20:36:45.241Z"}}, {"model": "authtoken.token", "pk": "fc5a03b4277f280f3853a59c9fcb56fea44ad930", "fields": {"user": 14, "created": "2017-12-20T20:36:44.925Z"}}, {"model": "authtoken.token", "pk": "fd1104150578fd50942ef9472cd2b2c7aa0e4a65", "fields": {"user": 9, "created": "2017-12-20T20:36:44.665Z"}}, {"model": "api.profile", "pk": 1, "fields": {"user": 1, "current_position": "Chief Alchemist Officer", "about": "I was born 10,000 years ago and there is nothing in this world I don't know too much", "favorite_topics": [1, 7, 2]}}, {"model": "api.profile", "pk": 3, "fields": {"user": 3, "current_position": "Benevolent Dictator for Life", "about": "I am the author of the Python programming language.", "favorite_topics": [2, 4, 1, 3, 5, 6, 7]}}, {"model": "api.profile", "pk": 4, "fields": {"user": 4, "current_position": "Advertising account executive", "about": "Customizable local orchestration", "favorite_topics": [6, 3, 5]}}, {"model": "api.profile", "pk": 5, "fields": {"user": 5, "current_position": "Administrator, Civil Service", "about": "Inverse attitude-oriented approach", "favorite_topics": [4, 2, 3]}}, {"model": "api.profile", "pk": 6, "fields": {"user": 6, "current_position": "Marketing executive", "about": "Ameliorated incremental analyzer", "favorite_topics": [4, 7, 1]}}, {"model": "api.profile", "pk": 7, "fields": {"user": 7, "current_position": "Materials engineer", "about": "Profit-focused interactive algorithm", "favorite_topics": [3, 2, 5]}}, {"model": "api.profile", "pk": 8, "fields": {"user": 8, "current_position": "Senior tax professional/tax inspector", "about": "Multi-lateral intangible emulation", "favorite_topics": [1, 4, 5]}}, {"model": "api.profile", "pk": 9, "fields": {"user": 9, "current_position": "Patent attorney", "about": "Re-contextualized intangible architecture", "favorite_topics": [7, 5, 4]}}, {"model": "api.profile", "pk": 10, "fields": {"user": 10, "current_position": "Building control surveyor", "about": "Expanded cohesive hub", "favorite_topics": [5, 1, 7]}}, {"model": "api.profile", "pk": 11, "fields": {"user": 11, "current_position": "Police officer", "about": "Team-oriented next generation data-warehouse", "favorite_topics": [4, 2, 6]}}, {"model": "api.profile", "pk": 12, "fields": {"user": 12, "current_position": "Video editor", "about": "Digitized national workforce", "favorite_topics": [7, 1, 3]}}, {"model": "api.profile", "pk": 13, "fields": {"user": 13, "current_position": "Surveyor, land/geomatics", "about": "Quality-focused systematic strategy", "favorite_topics": [5, 4, 6]}}, {"model": "api.profile", "pk": 14, "fields": {"user": 14, "current_position": "Magazine features editor", "about": "Self-enabling high-level flexibility", "favorite_topics": [5, 6, 1]}}, {"model": "api.profile", "pk": 15, "fields": {"user": 15, "current_position": "Media buyer", "about": "Cross-platform client-driven knowledge user", "favorite_topics": [5, 1, 6]}}, {"model": "api.profile", "pk": 16, "fields": {"user": 16, "current_position": "Maintenance engineer", "about": "Public-key full-range pricing structure", "favorite_topics": [4, 7, 6]}}, {"model": "api.profile", "pk": 17, "fields": {"user": 17, "current_position": "Surgeon", "about": "Versatile object-oriented support", "favorite_topics": [3, 4, 2]}}, {"model": "api.profile", "pk": 18, "fields": {"user": 18, "current_position": "Restaurant manager", "about": "Profit-focused zero administration algorithm", "favorite_topics": [1, 4, 2]}}, {"model": "api.profile", "pk": 19, "fields": {"user": 19, "current_position": "Film/video editor", "about": "Customizable value-added application", "favorite_topics": [4, 3, 6]}}, {"model": "api.profile", "pk": 20, "fields": {"user": 20, "current_position": "Scientist, marine", "about": "Fundamental bi-directional data-warehouse", "favorite_topics": [1, 4, 2]}}, {"model": "api.profile", "pk": 21, "fields": {"user": 21, "current_position": "Legal executive", "about": "Cloned multi-tasking circuit", "favorite_topics": [1, 2, 7]}}, {"model": "api.profile", "pk": 22, "fields": {"user": 22, "current_position": "Pension scheme manager", "about": "Function-based foreground moratorium", "favorite_topics": [6, 1, 4]}}, {"model": "api.profile", "pk": 23, "fields": {"user": 23, "current_position": "Consulting civil engineer", "about": "Intuitive encompassing ability", "favorite_topics": [3, 6, 5]}}, {"model": "api.profile", "pk": 39, "fields": {"user": 2, "current_position": "", "about": "", "favorite_topics": []}}]